[
    {
      "id": 1,
      "title": "Коронавирусқа қарсы 'Спутник V' вакцинасын әзірлеуге қатысқан қазақ",
      "imgUrl": "virus.webp",
      "info": "Бірнеше ел өз азаматтарына салып жатқан коронавирусқа қарсы 'Спутник V' вакцинасын вирусологтор тобы әзірлеген. Құрастырушылар қатарында Ілияс Есмағамбетов те бар..."
      
    },
    {
      "id": 2,
      "title": "Қазақстанда Наурыз мейрамын неше күн бойы тойлатпақ",
      "imgUrl": "nauryz.jpg",
      "info": "Талқылауға арналған құжатты Қазақстанның Мәдениет және спорт министрлігі ағымдағы жылдың 9 ақпанында жария етті. Талқылаудың аяқталу күні - 16 ақпан..."
      
    },
    {
      "id": 3,
      "title": "Ауа райы бұзылады: Синоптиктер елімізде дауылды ескерту жариялады",
      "imgUrl": "weather.jpg",
      "info": "15 ақпанда Ақмола облысының кей жерлерінде тұман, көктайғақ, жаяу бұрқасын күтіледі. Оңтүстік-батыстан, оңтүстіктен жел соғады, күші кей жерлерде..."
      
    },
    {
      "id": 4,
      "title": "Күніне неше шыныаяқ кофе ішу керек: Маман кеңес берді",
      "imgUrl": "sorpa.webp",
      "info": "Нурия Дианова мөлшерден көп ішу салдарынан тәуелділік пайда болуы мүмкін екенін айтты. Сондай-ақ жүйке жүйесі біртіндеп жұқарады. Маман кофені тек тамақтан соң ішуге кеңес береді..."
      
    }
  ]